{"cameraMode":{"drawMode":0,"name":"Shaded","section":"Shading Mode"},"sceneLighting":false,"audioPlay":false,"sceneViewState":{"showFog":true,"showMaterialUpdate":false,"showSkybox":false,"showFlares":true,"showImageEffects":true,"showParticleSystems":true},"in2DMode":false,"pivot":{"x":2.518845319747925,"y":0.8951932191848755,"z":0.5464990735054016},"rotation":{"x":0.09698861837387085,"y":-0.03731895983219147,"z":0.0036390952300280334,"w":0.9945810437202454},"size":2.625725746154785,"orthographic":false}