{"cameraMode":{"drawMode":0,"name":"Shaded","section":"Shading Mode"},"sceneLighting":true,"audioPlay":false,"sceneViewState":{"showFog":true,"showMaterialUpdate":false,"showSkybox":true,"showFlares":true,"showImageEffects":true,"showParticleSystems":true},"in2DMode":false,"pivot":{"x":1.480104923248291,"y":0.697381854057312,"z":-0.6315672397613525},"rotation":{"x":0.08441037684679032,"y":-0.7074313759803772,"z":0.08573973923921585,"w":0.6964711546897888},"size":2.3105244636535646,"orthographic":false}